RF ACC,NB ACC,LR ACC
97.83551637874068+-0.7371289927501649,91.06434083828944+-1.7388261732537502,98.26545242141037+-0.3491348023912992
