RF ACC,NB ACC,LR ACC
93.88891248937978+-1.6911054256241411,93.2224523270084+-0.8916992960138674,98.3267841971113+-0.3775923819748216
