RF ACC,NB ACC,LR ACC
97.86820305862362+-0.8500535743993611,89.1887036250354+-1.7610113226949387,97.72442886812046+-0.38729430174951546
