RF ACC,NB ACC,LR ACC
97.78247427546493+-0.8084723559401099,86.99438898329085+-1.924445802651707,96.59074388747285+-0.7784563897398977
